event_id,event_start,event_end,peak_time,duration_h,peak_pfu,fluence_pfu_h,peak_s_scale,hours_above_10,hours_above_100,hours_above_1000,hours_above_10000,mean_sunspot,mean_f107,mean_kp,max_kp,cycle,year,month,event_source,duration_source,fluence_source,data_quality_note
1,1967-06-06 08:00:00,1967-06-08 03:00:00,1967-06-06 12:00:00,43.0,18.37,373.9,S1,18,0,0,0,24.476190476190474,279.2682926829268,9.147619047619049,11.3,21,1967,6,OMNI2_measured_pre_2020,OMNI_hourly_measured,OMNI_hourly_integrated,Measured from OMNI hourly >10 MeV proton flux.
2,1967-12-03 11:00:00,1967-12-05 05:00:00,1967-12-03 12:00:00,42.0,31.5,483.41,S1,19,0,0,0,19.511627906976745,161.13953488372093,11.623255813953488,12.6,21,1967,12,OMNI2_measured_pre_2020,OMNI_hourly_measured,OMNI_hourly_integrated,Measured from OMNI hourly >10 MeV proton flux.
3,1968-03-27 07:00:00,1968-03-28 16:00:00,1968-03-27 07:00:00,33.0,48.38,385.345,S1,10,0,0,0,27.558823529411764,319.2647058823529,20.1,20.7,21,1968,3,OMNI2_measured_pre_2020,OMNI_hourly_measured,OMNI_hourly_integrated,Measured from OMNI hourly >10 MeV proton flux.
4,1968-06-09 11:00:00,1968-06-12 03:00:00,1968-06-10 05:00:00,64.0,350.0,6304.7,S2,41,26,0,0,45.92307692307692,581.5538461538462,13.547692307692309,14.9,21,1968,6,OMNI2_measured_pre_2020,OMNI_hourly_measured,OMNI_hourly_integrated,Measured from OMNI hourly >10 MeV proton flux.
5,1968-07-13 16:00:00,1968-07-15 08:00:00,1968-07-13 21:00:00,40.0,54.0,513.8699999999999,S1,17,0,0,0,32.58536585365854,377.2439024390244,19.292682926829265,20.8,21,1968,7,OMNI2_measured_pre_2020,OMNI_hourly_measured,OMNI_hourly_integrated,Measured from OMNI hourly >10 MeV proton flux.
6,1968-09-29 18:00:00,1968-10-01 12:00:00,1968-09-29 22:00:00,42.0,31.88,560.45,S1,19,0,0,0,21.46511627906977,182.93023255813952,13.111627906976748,19.4,21,1968,9,OMNI2_measured_pre_2020,OMNI_hourly_measured,OMNI_hourly_integrated,Measured from OMNI hourly >10 MeV proton flux.
7,1968-10-04 03:00:00,1968-10-06 03:00:00,1968-10-04 07:00:00,48.0,36.0,650.445,S1,25,0,0,0,7.163265306122449,74.91836734693878,16.87551020408163,17.8,21,1968,10,OMNI2_measured_pre_2020,OMNI_hourly_measured,OMNI_hourly_integrated,Measured from OMNI hourly >10 MeV proton flux.
8,1968-10-31 05:00:00,1968-11-03 22:00:00,1968-11-02 05:00:00,89.0,150.0,3722.92,S2,63,9,0,0,56.39080459770115,527.8850574712644,11.995402298850571,14.0,21,1968,10,OMNI2_measured_pre_2020,OMNI_hourly_measured,OMNI_hourly_integrated,Measured from OMNI hourly >10 MeV proton flux.
9,1968-11-04 07:00:00,1968-11-05 15:00:00,1968-11-04 08:00:00,32.0,19.38,212.635,S1,9,0,0,0,27.78787878787879,256.45454545454544,12.566666666666668,13.7,21,1968,11,OMNI2_measured_pre_2020,OMNI_hourly_measured,OMNI_hourly_integrated,Measured from OMNI hourly >10 MeV proton flux.
10,1968-11-18 12:00:00,1968-11-22 07:00:00,1968-11-18 13:00:00,91.0,840.0,20927.775,S2,63,40,0,0,19.584269662921347,185.2022471910112,11.88426966292135,13.0,21,1968,11,OMNI2_measured_pre_2020,OMNI_hourly_measured,OMNI_hourly_integrated,Measured from OMNI hourly >10 MeV proton flux.
11,1968-12-04 21:00:00,1968-12-09 04:00:00,1968-12-06 03:00:00,103.0,150.0,4898.3550000000005,S2,78,19,0,0,22.37254901960784,226.9705882352941,16.827450980392165,18.4,21,1968,12,OMNI2_measured_pre_2020,OMNI_hourly_measured,OMNI_hourly_integrated,Measured from OMNI hourly >10 MeV proton flux.
12,1969-02-25 10:00:00,1969-02-27 14:00:00,1969-02-25 12:00:00,52.0,87.75,898.2199999999999,S1,29,0,0,0,24.764705882352946,164.94,26.87843137254902,29.5,21,1969,2,OMNI2_measured_pre_2020,OMNI_hourly_measured,OMNI_hourly_integrated,Measured from OMNI hourly >10 MeV proton flux.
13,1969-02-27 16:00:00,1969-03-01 16:00:00,1969-02-27 21:00:00,48.0,28.13,551.825,S1,18,0,0,0,27.244897959183675,166.3673469387755,21.165306122448985,24.2,21,1969,2,OMNI2_measured_pre_2020,OMNI_hourly_measured,OMNI_hourly_integrated,Measured from OMNI hourly >10 MeV proton flux.
14,1969-03-30 11:00:00,1969-04-02 02:00:00,1969-03-30 17:00:00,63.0,26.0,963.12,S1,39,0,0,0,30.359375,258.625,20.7109375,22.1,21,1969,3,OMNI2_measured_pre_2020,OMNI_hourly_measured,OMNI_hourly_integrated,Measured from OMNI hourly >10 MeV proton flux.
15,1969-04-11 18:00:00,1969-04-19 12:00:00,1969-04-13 02:00:00,186.0,1362.5,48800.490000000005,S3,161,84,16,0,26.967567567567567,333.3675675675676,19.129189189189187,21.9,21,1969,4,OMNI2_measured_pre_2020,OMNI_hourly_measured,OMNI_hourly_integrated,Measured from OMNI hourly >10 MeV proton flux.
16,1969-06-21 11:00:00,1969-06-22 13:00:00,1969-06-21 11:00:00,26.0,1587.5,1540.875,S3,3,3,1,0,8.62962962962963,121.03703703703704,9.825925925925926,11.9,21,1969,6,OMNI2_measured_pre_2020,OMNI_hourly_measured,OMNI_hourly_integrated,Measured from OMNI hourly >10 MeV proton flux.
17,1969-09-25 10:00:00,1969-09-26 13:00:00,1969-09-25 11:00:00,27.0,15.0,107.6,S1,4,0,0,0,15.071428571428571,149.78571428571428,17.45,18.0,21,1969,9,OMNI2_measured_pre_2020,OMNI_hourly_measured,OMNI_hourly_integrated,Measured from OMNI hourly >10 MeV proton flux.
18,1969-09-28 02:00:00,1969-09-30 04:00:00,1969-09-29 04:00:00,50.0,14.75,214.335,S1,4,0,0,0,53.27450980392157,449.8235294117647,15.68627450980392,16.6,21,1969,9,OMNI2_measured_pre_2020,OMNI_hourly_measured,OMNI_hourly_integrated,Measured from OMNI hourly >10 MeV proton flux.
19,1969-11-02 11:00:00,1969-11-06 15:00:00,1969-11-02 13:00:00,100.0,1300.0,14646.110000000002,S3,73,28,3,0,18.59375,161.42708333333334,12.152083333333332,13.9,21,1969,11,OMNI2_measured_pre_2020,OMNI_hourly_measured,OMNI_hourly_integrated,Measured from OMNI hourly >10 MeV proton flux.
20,1969-11-08 01:00:00,1969-11-09 03:00:00,1969-11-08 03:00:00,26.0,12.5,110.36,S1,3,0,0,0,28.55555555555556,282.7037037037037,12.703703703703704,13.3,21,1969,11,OMNI2_measured_pre_2020,OMNI_hourly_measured,OMNI_hourly_integrated,Measured from OMNI hourly >10 MeV proton flux.
21,1970-01-31 18:00:00,1970-02-02 20:00:00,1970-01-31 23:00:00,50.0,24.25,433.535,S1,19,0,0,0,22.51020408163265,158.20408163265307,15.77142857142857,18.5,21,1970,1,OMNI2_measured_pre_2020,OMNI_hourly_measured,OMNI_hourly_integrated,Measured from OMNI hourly >10 MeV proton flux.
22,1970-03-07 15:00:00,1970-03-09 18:00:00,1970-03-08 02:00:00,51.0,92.62,1280.5549999999998,S1,28,0,0,0,56.78846153846154,641.1346153846154,16.63653846153846,17.0,21,1970,3,OMNI2_measured_pre_2020,OMNI_hourly_measured,OMNI_hourly_integrated,Measured from OMNI hourly >10 MeV proton flux.
23,1970-03-29 02:00:00,1970-04-01 04:00:00,1970-03-29 18:00:00,74.0,65.25,1625.3249999999998,S1,49,0,0,0,36.17808219178082,322.22222222222223,14.92191780821918,15.9,21,1970,3,OMNI2_measured_pre_2020,OMNI_hourly_measured,OMNI_hourly_integrated,Measured from OMNI hourly >10 MeV proton flux.
24,1970-05-30 15:00:00,1970-06-01 04:00:00,1970-05-30 20:00:00,37.0,19.0,282.00500000000005,S1,14,0,0,0,19.44736842105263,190.42105263157896,17.14736842105263,18.0,21,1970,5,OMNI2_measured_pre_2020,OMNI_hourly_measured,OMNI_hourly_integrated,Measured from OMNI hourly >10 MeV proton flux.
25,1970-06-26 06:00:00,1970-06-27 06:00:00,1970-06-26 06:00:00,24.0,12.04,53.465,S1,1,0,0,0,29.695652173913043,394.6521739130435,17.42173913043479,18.0,21,1970,6,OMNI2_measured_pre_2020,OMNI_hourly_measured,OMNI_hourly_integrated,Measured from OMNI hourly >10 MeV proton flux.
26,1970-07-23 22:00:00,1970-07-26 02:00:00,1970-07-25 00:00:00,52.0,203.75,768.6800000000001,S2,11,2,0,0,45.94117647058823,474.76,16.57254901960784,19.5,21,1970,7,OMNI2_measured_pre_2020,OMNI_hourly_measured,OMNI_hourly_integrated,Measured from OMNI hourly >10 MeV proton flux.
27,1970-08-14 12:00:00,1970-08-18 06:00:00,1970-08-16 05:00:00,90.0,163.75,3912.8200000000006,S2,63,11,0,0,31.295454545454547,351.07954545454544,14.372727272727277,15.3,21,1970,8,OMNI2_measured_pre_2020,OMNI_hourly_measured,OMNI_hourly_integrated,Measured from OMNI hourly >10 MeV proton flux.
28,1970-11-05 14:00:00,1970-11-08 19:00:00,1970-11-05 19:00:00,77.0,47.13,1291.9900000000002,S1,53,0,0,0,31.644736842105264,366.1315789473685,11.339473684210525,12.6,21,1970,11,OMNI2_measured_pre_2020,OMNI_hourly_measured,OMNI_hourly_integrated,Measured from OMNI hourly >10 MeV proton flux.
29,1971-01-25 00:00:00,1971-01-29 13:00:00,1971-01-25 12:00:00,109.0,1158.75,32432.885,S3,84,53,11,0,27.61111111111111,306.1574074074074,15.844444444444443,17.1,21,1971,1,OMNI2_measured_pre_2020,OMNI_hourly_measured,OMNI_hourly_integrated,Measured from OMNI hourly >10 MeV proton flux.
30,1971-04-06 12:00:00,1971-04-08 06:00:00,1971-04-06 17:00:00,42.0,50.88,629.1699999999998,S1,20,0,0,0,15.511627906976743,145.5121951219512,8.376744186046512,8.6,21,1971,4,OMNI2_measured_pre_2020,OMNI_hourly_measured,OMNI_hourly_integrated,Measured from OMNI hourly >10 MeV proton flux.
31,1971-05-16 17:00:00,1971-05-18 03:00:00,1971-05-16 17:00:00,34.0,12.88,174.79,S1,11,0,0,0,50.31428571428572,612.5714285714286,9.311428571428568,10.5,21,1971,5,OMNI2_measured_pre_2020,OMNI_hourly_measured,OMNI_hourly_integrated,Measured from OMNI hourly >10 MeV proton flux.
32,1971-09-01 21:00:00,1971-09-06 00:00:00,1971-09-02 07:00:00,99.0,347.5,8041.290000000001,S2,73,27,0,0,15.082474226804123,183.04123711340208,4.171134020618557,10.1,21,1971,9,OMNI2_measured_pre_2020,OMNI_hourly_measured,OMNI_hourly_integrated,Measured from OMNI hourly >10 MeV proton flux.
33,1972-04-18 01:00:00,1972-04-20 09:00:00,1972-04-19 00:00:00,56.0,105.12,746.9200000000001,S2,24,1,0,0,24.76363636363636,283.6727272727273,8.465454545454547,9.2,21,1972,4,OMNI2_measured_pre_2020,OMNI_hourly_measured,OMNI_hourly_integrated,Measured from OMNI hourly >10 MeV proton flux.
34,1972-05-29 11:00:00,1972-06-01 10:00:00,1972-05-29 18:00:00,71.0,39.38,1257.38,S1,43,0,0,0,24.2089552238806,226.8059701492537,11.035820895522388,12.0,21,1972,5,OMNI2_measured_pre_2020,OMNI_hourly_measured,OMNI_hourly_integrated,Measured from OMNI hourly >10 MeV proton flux.
35,1972-06-08 22:00:00,1972-06-10 06:00:00,1972-06-08 22:00:00,32.0,10.39,133.9,S1,2,0,0,0,10.969696969696969,159.63636363636363,10.951515151515151,12.7,21,1972,6,OMNI2_measured_pre_2020,OMNI_hourly_measured,OMNI_hourly_integrated,Measured from OMNI hourly >10 MeV proton flux.
36,1972-06-16 23:00:00,1972-06-18 21:00:00,1972-06-17 17:00:00,46.0,20.75,388.625,S1,23,0,0,0,57.11111111111112,720.8666666666667,14.255555555555556,14.9,21,1972,6,OMNI2_measured_pre_2020,OMNI_hourly_measured,OMNI_hourly_integrated,Measured from OMNI hourly >10 MeV proton flux.
37,1972-07-22 10:00:00,1972-07-23 15:00:00,1972-07-22 10:00:00,29.0,24.5,144.44500000000002,S1,6,0,0,0,24.4,196.7333333333333,9.479999999999997,9.8,21,1972,7,OMNI2_measured_pre_2020,OMNI_hourly_measured,OMNI_hourly_integrated,Measured from OMNI hourly >10 MeV proton flux.
38,1972-08-03 04:00:00,1972-08-12 07:00:00,1972-08-04 21:00:00,219.0,67750.0,381734.195,S4,189,130,54,8,41.79245283018868,421.495283018868,9.54433962264151,13.2,21,1972,8,OMNI2_measured_pre_2020,OMNI_hourly_measured,OMNI_hourly_integrated,Measured from OMNI hourly >10 MeV proton flux.
39,1972-10-30 17:00:00,1972-11-01 17:00:00,1972-10-31 02:00:00,48.0,40.5,599.0749999999999,S1,22,0,0,0,41.19565217391305,338.4782608695652,12.28913043478261,13.9,21,1972,10,OMNI2_measured_pre_2020,OMNI_hourly_measured,OMNI_hourly_integrated,Measured from OMNI hourly >10 MeV proton flux.
40,1973-04-30 00:00:00,1973-05-01 06:00:00,1973-04-30 03:00:00,30.0,20.24,186.625,S1,7,0,0,0,31.166666666666668,289.1666666666667,5.340000000000001,5.9,21,1973,4,OMNI2_measured_pre_2020,OMNI_hourly_measured,OMNI_hourly_integrated,Measured from OMNI hourly >10 MeV proton flux.
41,1973-09-07 15:00:00,1973-09-08 22:00:00,1973-09-07 17:00:00,31.0,13.88,230.02,S1,7,0,0,0,16.967741935483872,194.4516129032258,10.38064516129032,10.9,21,1973,9,OMNI2_measured_pre_2020,OMNI_hourly_measured,OMNI_hourly_integrated,Measured from OMNI hourly >10 MeV proton flux.
42,1974-07-03 20:00:00,1974-07-08 15:00:00,1974-07-05 20:00:00,115.0,329.1,6902.7,S2,86,18,0,0,46.47787610619469,560.6902654867257,12.157522123893807,13.5,21,1974,7,OMNI2_measured_pre_2020,OMNI_hourly_measured,OMNI_hourly_integrated,Measured from OMNI hourly >10 MeV proton flux.
43,1974-09-11 08:00:00,1974-09-16 13:00:00,1974-09-13 15:00:00,125.0,107.51,3998.945,S2,90,2,0,0,29.765217391304347,314.69565217391306,10.112173913043476,11.3,21,1974,9,OMNI2_measured_pre_2020,OMNI_hourly_measured,OMNI_hourly_integrated,Measured from OMNI hourly >10 MeV proton flux.
44,1974-09-20 00:00:00,1974-09-22 15:00:00,1974-09-20 08:00:00,63.0,127.59,2031.74,S2,40,4,0,0,42.484375,526.0,2.3625,4.4,21,1974,9,OMNI2_measured_pre_2020,OMNI_hourly_measured,OMNI_hourly_integrated,Measured from OMNI hourly >10 MeV proton flux.
45,1974-09-25 02:00:00,1974-09-26 08:00:00,1974-09-25 05:00:00,30.0,11.5,235.36,S1,5,0,0,0,42.13333333333333,526.5333333333333,1.7599999999999996,1.9,21,1974,9,OMNI2_measured_pre_2020,OMNI_hourly_measured,OMNI_hourly_integrated,Measured from OMNI hourly >10 MeV proton flux.
46,1974-11-05 18:00:00,1974-11-07 02:00:00,1974-11-05 22:00:00,32.0,40.43,255.445,S1,9,0,0,0,21.0,183.5151515151515,3.836363636363636,5.1,21,1974,11,OMNI2_measured_pre_2020,OMNI_hourly_measured,OMNI_hourly_integrated,Measured from OMNI hourly >10 MeV proton flux.
47,1976-04-30 21:00:00,1976-05-03 03:00:00,1976-04-30 22:00:00,54.0,172.75,1896.95,S2,27,7,0,0,37.895833333333336,,3.816666666666667,4.5,21,1976,4,OMNI2_measured_pre_2020,OMNI_hourly_measured,OMNI_hourly_integrated,Measured from OMNI hourly >10 MeV proton flux.
48,1976-08-22 17:00:00,1976-08-23 12:00:00,1976-08-22 18:00:00,19.0,14.8,108.745,S1,6,0,0,0,20.25,,1.3124999999999998,1.4,21,1976,8,OMNI2_measured_pre_2020,OMNI_hourly_measured,OMNI_hourly_integrated,Measured from OMNI hourly >10 MeV proton flux.
49,1977-09-17 00:00:00,1977-09-17 16:00:00,1977-09-17 02:00:00,16.0,35.65,322.45500000000004,S1,16,0,0,0,24.47058823529412,,7.5,7.5,21,1977,9,OMNI2_measured_pre_2020,OMNI_hourly_measured,OMNI_hourly_integrated,Measured from OMNI hourly >10 MeV proton flux.
50,1977-09-24 09:00:00,1977-09-27 06:00:00,1977-09-24 09:00:00,69.0,81.86,1673.955,S1,45,0,0,0,28.828125,,6.815625000000001,7.6,21,1977,9,OMNI2_measured_pre_2020,OMNI_hourly_measured,OMNI_hourly_integrated,Measured from OMNI hourly >10 MeV proton flux.
51,1977-11-22 13:00:00,1977-11-25 14:00:00,1977-11-22 14:00:00,73.0,446.65,5634.120000000001,S2,50,18,0,0,5.837837837837838,,2.8770270270270277,4.0,21,1977,11,OMNI2_measured_pre_2020,OMNI_hourly_measured,OMNI_hourly_integrated,Measured from OMNI hourly >10 MeV proton flux.
52,1978-02-13 11:00:00,1978-02-16 20:00:00,1978-02-14 13:00:00,81.0,1244.56,30685.17,S3,57,45,14,0,26.469135802469136,262.2962962962963,10.592592592592592,13.6,21,1978,2,OMNI2_measured_pre_2020,OMNI_hourly_measured,OMNI_hourly_integrated,Measured from OMNI hourly >10 MeV proton flux.
53,1978-04-11 17:00:00,1978-04-13 23:00:00,1978-04-11 22:00:00,54.0,65.94,810.41,S1,22,0,0,0,38.02173913043478,353.0434782608696,15.415217391304344,17.0,21,1978,4,OMNI2_measured_pre_2020,OMNI_hourly_measured,OMNI_hourly_integrated,Measured from OMNI hourly >10 MeV proton flux.
54,1978-04-20 06:00:00,1978-04-21 10:00:00,1978-04-20 08:00:00,28.0,13.56,94.46,S1,5,0,0,0,24.473684210526315,204.26315789473685,16.184210526315795,16.3,21,1978,4,OMNI2_measured_pre_2020,OMNI_hourly_measured,OMNI_hourly_integrated,Measured from OMNI hourly >10 MeV proton flux.
55,1978-04-25 16:00:00,1978-04-26 23:00:00,1978-04-25 20:00:00,31.0,10.55,238.99500000000003,S1,8,0,0,0,31.107142857142858,338.1428571428572,17.157142857142862,19.3,21,1978,4,OMNI2_measured_pre_2020,OMNI_hourly_measured,OMNI_hourly_integrated,Measured from OMNI hourly >10 MeV proton flux.
56,1978-04-28 21:00:00,1978-05-04 05:00:00,1978-04-30 21:00:00,128.0,1485.78,34454.85,S3,86,55,18,0,48.27450980392157,676.0990099009902,12.0078431372549,13.2,21,1978,4,OMNI2_measured_pre_2020,OMNI_hourly_measured,OMNI_hourly_integrated,Measured from OMNI hourly >10 MeV proton flux.
57,1978-05-07 06:00:00,1978-05-09 11:00:00,1978-05-07 06:00:00,53.0,216.2,1304.055,S2,25,3,0,0,31.0,287.2,9.52,10.6,21,1978,5,OMNI2_measured_pre_2020,OMNI_hourly_measured,OMNI_hourly_integrated,Measured from OMNI hourly >10 MeV proton flux.
58,1978-06-02 07:00:00,1978-06-03 08:00:00,1978-06-02 08:00:00,25.0,14.27,42.165,S1,2,0,0,0,57.285714285714285,539.3809523809524,13.071428571428571,13.9,21,1978,6,OMNI2_measured_pre_2020,OMNI_hourly_measured,OMNI_hourly_integrated,Measured from OMNI hourly >10 MeV proton flux.
59,1978-06-24 02:00:00,1978-06-26 14:00:00,1978-06-25 03:00:00,60.0,36.64,833.5899999999998,S1,30,0,0,0,37.145833333333336,416.6875,20.45,21.8,21,1978,6,OMNI2_measured_pre_2020,OMNI_hourly_measured,OMNI_hourly_integrated,Measured from OMNI hourly >10 MeV proton flux.
60,1978-07-13 05:00:00,1978-07-14 07:00:00,1978-07-13 10:00:00,26.0,16.23,130.89999999999998,S1,5,0,0,0,32.42857142857143,343.92857142857144,16.0,16.1,21,1978,7,OMNI2_measured_pre_2020,OMNI_hourly_measured,OMNI_hourly_integrated,Measured from OMNI hourly >10 MeV proton flux.
61,1978-09-23 13:00:00,1978-09-28 11:00:00,1978-09-24 16:00:00,118.0,2254.63,49729.55500000001,S3,65,49,20,0,37.7125,481.52564102564105,21.9125,23.8,21,1978,9,OMNI2_measured_pre_2020,OMNI_hourly_measured,OMNI_hourly_integrated,Measured from OMNI hourly >10 MeV proton flux.
62,1978-10-09 23:00:00,1978-10-11 00:00:00,1978-10-10 00:00:00,25.0,17.91,59.825,S1,2,0,0,0,25.0,176.42857142857142,20.97142857142857,22.4,21,1978,10,OMNI2_measured_pre_2020,OMNI_hourly_measured,OMNI_hourly_integrated,Measured from OMNI hourly >10 MeV proton flux.
63,1978-11-10 21:00:00,1978-11-12 16:00:00,1978-11-11 00:00:00,43.0,16.46,310.27,S1,11,0,0,0,34.58536585365854,312.4146341463415,15.668292682926827,17.0,21,1978,11,OMNI2_measured_pre_2020,OMNI_hourly_measured,OMNI_hourly_integrated,Measured from OMNI hourly >10 MeV proton flux.
64,1979-02-17 22:00:00,1979-02-18 20:00:00,1979-02-17 22:00:00,22.0,25.34,111.84,S1,3,0,0,0,31.47826086956522,220.1304347826087,22.882608695652166,22.9,21,1979,2,OMNI2_measured_pre_2020,OMNI_hourly_measured,OMNI_hourly_integrated,Measured from OMNI hourly >10 MeV proton flux.
65,1979-04-04 05:00:00,1979-04-06 06:00:00,1979-04-05 04:00:00,49.0,23.04,331.41,S1,19,0,0,0,41.52,321.9,16.608,19.5,21,1979,4,OMNI2_measured_pre_2020,OMNI_hourly_measured,OMNI_hourly_integrated,Measured from OMNI hourly >10 MeV proton flux.
66,1979-06-06 20:00:00,1979-06-09 10:00:00,1979-06-07 01:00:00,62.0,549.82,4933.075,S2,37,11,0,0,34.578947368421055,368.96491228070175,31.422807017543853,32.0,21,1979,6,OMNI2_measured_pre_2020,OMNI_hourly_measured,OMNI_hourly_integrated,Measured from OMNI hourly >10 MeV proton flux.
67,1979-07-07 01:00:00,1979-07-08 16:00:00,1979-07-07 07:00:00,39.0,19.82,292.69,S1,15,0,0,0,31.1875,348.65625,31.375,31.6,21,1979,7,OMNI2_measured_pre_2020,OMNI_hourly_measured,OMNI_hourly_integrated,Measured from OMNI hourly >10 MeV proton flux.
68,1979-08-19 12:00:00,1979-08-25 13:00:00,1979-08-20 08:00:00,145.0,476.52,10350.305,S2,98,37,0,0,28.210084033613445,273.3697478991597,28.75798319327731,30.9,21,1979,8,OMNI2_measured_pre_2020,OMNI_hourly_measured,OMNI_hourly_integrated,Measured from OMNI hourly >10 MeV proton flux.
69,1979-09-15 18:00:00,1979-09-24 06:00:00,1979-09-18 01:00:00,204.0,89.03,6668.099999999999,S1,168,0,0,0,26.807291666666668,201.82198952879585,26.261458333333334,33.4,21,1979,9,OMNI2_measured_pre_2020,OMNI_hourly_measured,OMNI_hourly_integrated,Measured from OMNI hourly >10 MeV proton flux.
70,1979-11-16 03:00:00,1979-11-17 18:00:00,1979-11-16 10:00:00,39.0,65.14,437.945,S1,12,0,0,0,22.724137931034484,189.44827586206893,28.42413793103449,33.7,21,1979,11,OMNI2_measured_pre_2020,OMNI_hourly_measured,OMNI_hourly_integrated,Measured from OMNI hourly >10 MeV proton flux.
71,1980-07-18 05:00:00,1980-07-20 22:00:00,1980-07-18 19:00:00,65.0,119.6,1981.61,S2,39,7,0,0,25.403846153846157,292.03846153846155,32.42499999999999,34.1,21,1980,7,OMNI2_measured_pre_2020,OMNI_hourly_measured,OMNI_hourly_integrated,Measured from OMNI hourly >10 MeV proton flux.
72,1980-10-15 19:00:00,1980-10-16 22:00:00,1980-10-15 19:00:00,27.0,10.76,109.035,S1,3,0,0,0,5.888888888888889,41.16666666666666,28.772222222222226,31.7,21,1980,10,OMNI2_measured_pre_2020,OMNI_hourly_measured,OMNI_hourly_integrated,Measured from OMNI hourly >10 MeV proton flux.
73,1981-03-30 18:00:00,1981-03-31 21:00:00,1981-03-30 20:00:00,27.0,12.02,56.74,S1,3,0,0,0,38.05555555555556,397.88235294117646,19.84444444444444,22.1,21,1981,3,OMNI2_measured_pre_2020,OMNI_hourly_measured,OMNI_hourly_integrated,Measured from OMNI hourly >10 MeV proton flux.
74,1981-04-10 18:00:00,1981-04-12 19:00:00,1981-04-10 22:00:00,49.0,55.68,883.83,S1,30,0,0,0,39.13333333333333,302.0,28.483333333333327,28.8,21,1981,4,OMNI2_measured_pre_2020,OMNI_hourly_measured,OMNI_hourly_integrated,Measured from OMNI hourly >10 MeV proton flux.
75,1981-04-24 18:00:00,1981-05-02 02:00:00,1981-04-24 21:00:00,176.0,224.78,6446.615,S2,103,17,0,0,32.19834710743802,365.504132231405,14.031404958677689,20.3,21,1981,4,OMNI2_measured_pre_2020,OMNI_hourly_measured,OMNI_hourly_integrated,Measured from OMNI hourly >10 MeV proton flux.
76,1981-05-09 11:00:00,1981-05-14 00:00:00,1981-05-10 15:00:00,109.0,220.71,3126.115,S2,46,13,0,0,29.308823529411764,338.88235294117646,24.492647058823533,28.0,21,1981,5,OMNI2_measured_pre_2020,OMNI_hourly_measured,OMNI_hourly_integrated,Measured from OMNI hourly >10 MeV proton flux.
77,1981-05-16 15:00:00,1981-05-20 01:00:00,1981-05-16 18:00:00,82.0,201.52,2330.66,S2,33,4,0,0,36.06666666666667,472.3333333333333,17.32333333333333,19.4,21,1981,5,OMNI2_measured_pre_2020,OMNI_hourly_measured,OMNI_hourly_integrated,Measured from OMNI hourly >10 MeV proton flux.
78,1981-07-20 15:00:00,1981-07-22 19:00:00,1981-07-20 19:00:00,52.0,103.62,1113.465,S2,24,1,0,0,23.72093023255814,200.4883720930233,18.4860465116279,20.7,21,1981,7,OMNI2_measured_pre_2020,OMNI_hourly_measured,OMNI_hourly_integrated,Measured from OMNI hourly >10 MeV proton flux.
79,1981-08-10 05:00:00,1981-08-11 08:00:00,1981-08-10 06:00:00,27.0,34.35,131.035,S1,4,0,0,0,26.0,122.47058823529412,21.064705882352943,21.1,21,1981,8,OMNI2_measured_pre_2020,OMNI_hourly_measured,OMNI_hourly_integrated,Measured from OMNI hourly >10 MeV proton flux.
80,1981-10-08 17:00:00,1981-10-19 12:00:00,1981-10-13 07:00:00,259.0,616.59,10048.06,S2,131,24,0,0,31.36842105263158,291.2105263157895,23.19934210526316,29.7,21,1981,10,OMNI2_measured_pre_2020,OMNI_hourly_measured,OMNI_hourly_integrated,Measured from OMNI hourly >10 MeV proton flux.
81,1981-12-10 05:00:00,1981-12-12 09:00:00,1981-12-10 09:00:00,52.0,107.84,685.66,S2,16,2,0,0,16.92,116.04,33.611999999999995,34.2,21,1981,12,OMNI2_measured_pre_2020,OMNI_hourly_measured,OMNI_hourly_integrated,Measured from OMNI hourly >10 MeV proton flux.
82,1982-01-31 16:00:00,1982-02-05 18:00:00,1982-01-31 19:00:00,122.0,832.89,12959.235,S2,66,41,0,0,46.04109589041096,504.7397260273973,33.4972602739726,36.4,21,1982,1,OMNI2_measured_pre_2020,OMNI_hourly_measured,OMNI_hourly_integrated,Measured from OMNI hourly >10 MeV proton flux.
83,1982-03-07 17:00:00,1982-03-08 21:00:00,1982-03-07 17:00:00,28.0,17.55,105.33,S1,4,0,0,0,18.347826086956523,187.30434782608697,20.373913043478268,21.0,21,1982,3,OMNI2_measured_pre_2020,OMNI_hourly_measured,OMNI_hourly_integrated,Measured from OMNI hourly >10 MeV proton flux.
84,1982-06-09 01:00:00,1982-06-11 01:00:00,1982-06-09 05:00:00,48.0,16.48,443.295,S1,22,0,0,0,37.78260869565217,383.5,21.42391304347825,21.8,21,1982,6,OMNI2_measured_pre_2020,OMNI_hourly_measured,OMNI_hourly_integrated,Measured from OMNI hourly >10 MeV proton flux.
85,1982-07-11 15:00:00,1982-07-16 12:00:00,1982-07-13 18:00:00,117.0,1864.44,12906.145,S3,63,17,4,0,51.44736842105263,680.4342105263158,28.08026315789473,34.6,21,1982,7,OMNI2_measured_pre_2020,OMNI_hourly_measured,OMNI_hourly_integrated,Measured from OMNI hourly >10 MeV proton flux.
86,1982-07-23 00:00:00,1982-07-25 22:00:00,1982-07-23 00:00:00,70.0,255.99,1645.215,S2,27,6,0,0,38.01724137931034,471.9655172413793,5.248275862068965,9.7,21,1982,7,OMNI2_measured_pre_2020,OMNI_hourly_measured,OMNI_hourly_integrated,Measured from OMNI hourly >10 MeV proton flux.
87,1982-09-06 01:00:00,1982-09-07 07:00:00,1982-09-06 01:00:00,30.0,19.94,99.06,S1,6,0,0,0,78.33333333333333,924.7333333333332,19.67333333333333,19.9,21,1982,9,OMNI2_measured_pre_2020,OMNI_hourly_measured,OMNI_hourly_integrated,Measured from OMNI hourly >10 MeV proton flux.
88,1982-11-22 20:00:00,1982-11-25 20:00:00,1982-11-24 10:00:00,72.0,82.38,1201.08,S1,38,0,0,0,48.2,424.9333333333333,12.775000000000004,18.3,21,1982,11,OMNI2_measured_pre_2020,OMNI_hourly_measured,OMNI_hourly_integrated,Measured from OMNI hourly >10 MeV proton flux.
89,1982-11-26 05:00:00,1982-11-29 02:00:00,1982-11-26 14:00:00,69.0,161.46,2020.045,S2,29,11,0,0,35.09803921568628,398.62745098039215,9.472549019607843,10.7,21,1982,11,OMNI2_measured_pre_2020,OMNI_hourly_measured,OMNI_hourly_integrated,Measured from OMNI hourly >10 MeV proton flux.
90,1982-11-29 04:00:00,1982-11-30 21:00:00,1982-11-29 09:00:00,41.0,11.74,216.61,S1,7,0,0,0,32.67741935483871,319.96774193548384,10.699999999999998,10.7,21,1982,11,OMNI2_measured_pre_2020,OMNI_hourly_measured,OMNI_hourly_integrated,Measured from OMNI hourly >10 MeV proton flux.
91,1982-12-08 00:00:00,1982-12-11 17:00:00,1982-12-08 07:00:00,89.0,901.03,9115.540000000005,S2,51,18,0,0,36.642857142857146,371.6857142857143,22.208571428571428,24.5,21,1982,12,OMNI2_measured_pre_2020,OMNI_hourly_measured,OMNI_hourly_integrated,Measured from OMNI hourly >10 MeV proton flux.
92,1982-12-17 13:00:00,1982-12-21 20:00:00,1982-12-18 02:00:00,103.0,67.7,1962.075,S1,52,0,0,0,44.98795180722892,439.7125,11.206024096385542,15.7,21,1982,12,OMNI2_measured_pre_2020,OMNI_hourly_measured,OMNI_hourly_integrated,Measured from OMNI hourly >10 MeV proton flux.
93,1982-12-27 01:00:00,1982-12-30 01:00:00,1982-12-27 13:00:00,72.0,200.96,2984.205,S2,36,14,0,0,33.68627450980392,289.36,14.976470588235292,16.8,21,1982,12,OMNI2_measured_pre_2020,OMNI_hourly_measured,OMNI_hourly_integrated,Measured from OMNI hourly >10 MeV proton flux.
94,1983-02-03 23:00:00,1983-02-05 22:00:00,1983-02-04 16:00:00,47.0,132.41,1121.8049999999998,S2,13,6,0,0,54.43478260869565,601.4782608695652,12.721739130434786,13.5,21,1983,2,OMNI2_measured_pre_2020,OMNI_hourly_measured,OMNI_hourly_integrated,Measured from OMNI hourly >10 MeV proton flux.
95,1984-02-16 11:00:00,1984-02-18 00:00:00,1984-02-16 11:00:00,37.0,165.38,419.385,S2,9,1,0,0,19.11111111111111,130.65384615384616,6.655555555555555,6.8,21,1984,2,OMNI2_measured_pre_2020,OMNI_hourly_measured,OMNI_hourly_integrated,Measured from OMNI hourly >10 MeV proton flux.
96,1984-02-19 17:00:00,1984-02-23 22:00:00,1984-02-21 04:00:00,101.0,35.56,1201.0649999999998,S1,50,0,0,0,24.569444444444443,207.38888888888889,11.401388888888889,15.6,21,1984,2,OMNI2_measured_pre_2020,OMNI_hourly_measured,OMNI_hourly_integrated,Measured from OMNI hourly >10 MeV proton flux.
97,1984-03-14 09:00:00,1984-03-15 21:00:00,1984-03-14 09:00:00,36.0,34.18,321.945,S1,13,0,0,0,15.333333333333334,81.2,14.283333333333331,15.7,21,1984,3,OMNI2_measured_pre_2020,OMNI_hourly_measured,OMNI_hourly_integrated,Measured from OMNI hourly >10 MeV proton flux.
98,1984-04-26 11:00:00,1984-05-01 17:00:00,1984-04-26 17:00:00,126.0,1111.52,8505.630000000001,S3,23,15,2,0,37.48484848484848,579.8181818181819,14.775757575757575,16.1,21,1984,4,OMNI2_measured_pre_2020,OMNI_hourly_measured,OMNI_hourly_integrated,Measured from OMNI hourly >10 MeV proton flux.
99,1985-04-25 05:00:00,1985-04-27 17:00:00,1985-04-26 04:00:00,60.0,85.95,1074.89,S1,26,0,0,0,38.91428571428571,415.7142857142857,4.48,4.6,21,1985,4,OMNI2_measured_pre_2020,OMNI_hourly_measured,OMNI_hourly_integrated,Measured from OMNI hourly >10 MeV proton flux.
100,1985-07-09 02:00:00,1985-07-10 10:00:00,1985-07-09 03:00:00,32.0,60.83,293.6,S1,9,0,0,0,16.153846153846153,190.65384615384616,10.699999999999998,10.7,21,1985,7,OMNI2_measured_pre_2020,OMNI_hourly_measured,OMNI_hourly_integrated,Measured from OMNI hourly >10 MeV proton flux.
101,1986-02-06 09:00:00,1986-02-09 19:00:00,1986-02-07 17:00:00,82.0,134.63,1339.26,S2,27,2,0,0,54.775,609.475,6.035,6.5,21,1986,2,OMNI2_measured_pre_2020,OMNI_hourly_measured,OMNI_hourly_integrated,Measured from OMNI hourly >10 MeV proton flux.
102,1986-02-14 16:00:00,1986-02-17 10:00:00,1986-02-15 04:00:00,66.0,132.7,2199.725,S2,30,16,0,0,16.545454545454547,54.42424242424242,0.8151515151515152,1.9,21,1986,2,OMNI2_measured_pre_2020,OMNI_hourly_measured,OMNI_hourly_integrated,Measured from OMNI hourly >10 MeV proton flux.
103,1986-03-06 19:00:00,1986-03-07 19:00:00,1986-03-06 19:00:00,24.0,14.1,48.655,S1,1,0,0,0,45.71428571428572,599.1428571428571,3.321428571428572,3.5,21,1986,3,OMNI2_measured_pre_2020,OMNI_hourly_measured,OMNI_hourly_integrated,Measured from OMNI hourly >10 MeV proton flux.
104,1987-11-08 02:00:00,1987-11-09 20:00:00,1987-11-08 10:00:00,42.0,41.68,295.2000000000001,S1,11,0,0,0,13.766666666666667,89.23333333333333,5.179999999999998,5.3,22,1987,11,OMNI2_measured_pre_2020,OMNI_hourly_measured,OMNI_hourly_integrated,Measured from OMNI hourly >10 MeV proton flux.
105,1988-01-03 08:00:00,1988-01-06 02:00:00,1988-01-03 08:00:00,66.0,75.1,1404.27,S1,34,0,0,0,22.791666666666668,181.8510638297872,3.252083333333333,4.8,22,1988,1,OMNI2_measured_pre_2020,OMNI_hourly_measured,OMNI_hourly_integrated,Measured from OMNI hourly >10 MeV proton flux.
106,1988-03-25 23:00:00,1988-03-27 00:00:00,1988-03-25 23:00:00,25.0,17.2,58.67,S1,2,0,0,0,42.833333333333336,411.27777777777777,11.161111111111111,12.3,22,1988,3,OMNI2_measured_pre_2020,OMNI_hourly_measured,OMNI_hourly_integrated,Measured from OMNI hourly >10 MeV proton flux.
107,1988-12-18 00:00:00,1988-12-19 12:00:00,1988-12-18 01:00:00,36.0,14.0,262.085,S1,13,0,0,0,38.02857142857143,,28.73714285714285,28.8,22,1988,12,OMNI2_measured_pre_2020,OMNI_hourly_measured,OMNI_hourly_integrated,Measured from OMNI hourly >10 MeV proton flux.
108,1989-03-08 16:00:00,1989-03-14 13:00:00,1989-03-13 07:00:00,141.0,937.0,6274.145,S2,86,15,0,0,47.54807692307692,538.3461538461538,19.45384615384615,23.5,22,1989,3,OMNI2_measured_pre_2020,OMNI_hourly_measured,OMNI_hourly_integrated,Measured from OMNI hourly >10 MeV proton flux.
109,1989-03-18 08:00:00,1989-03-20 21:00:00,1989-03-18 16:00:00,61.0,857.0,8529.599999999999,S2,26,14,0,0,34.7948717948718,428.7435897435897,20.32051282051282,21.3,22,1989,3,OMNI2_measured_pre_2020,OMNI_hourly_measured,OMNI_hourly_integrated,Measured from OMNI hourly >10 MeV proton flux.
110,1989-03-23 21:00:00,1989-03-25 04:00:00,1989-03-23 22:00:00,31.0,58.4,246.01,S1,8,0,0,0,26.96153846153846,218.2692307692308,19.35384615384616,20.1,22,1989,3,OMNI2_measured_pre_2020,OMNI_hourly_measured,OMNI_hourly_integrated,Measured from OMNI hourly >10 MeV proton flux.
111,1989-04-11 16:00:00,1989-04-16 02:00:00,1989-04-11 23:00:00,106.0,162.0,3269.8350000000005,S2,63,8,0,0,29.473684210526315,,13.263157894736835,16.6,22,1989,4,OMNI2_measured_pre_2020,OMNI_hourly_measured,OMNI_hourly_integrated,Measured from OMNI hourly >10 MeV proton flux.
112,1989-05-06 16:00:00,1989-05-07 22:00:00,1989-05-06 16:00:00,30.0,24.0,204.795,S1,7,0,0,0,37.19047619047619,,17.338095238095235,18.9,22,1989,5,OMNI2_measured_pre_2020,OMNI_hourly_measured,OMNI_hourly_integrated,Measured from OMNI hourly >10 MeV proton flux.
113,1989-05-23 13:00:00,1989-05-24 14:00:00,1989-05-23 13:00:00,25.0,11.9,90.395,S1,2,0,0,0,57.15,,26.434999999999995,27.7,22,1989,5,OMNI2_measured_pre_2020,OMNI_hourly_measured,OMNI_hourly_integrated,Measured from OMNI hourly >10 MeV proton flux.
114,1989-06-18 18:00:00,1989-06-19 19:00:00,1989-06-18 19:00:00,25.0,11.0,52.295,S1,2,0,0,0,16.63157894736842,,33.21578947368422,34.1,22,1989,6,OMNI2_measured_pre_2020,OMNI_hourly_measured,OMNI_hourly_integrated,Measured from OMNI hourly >10 MeV proton flux.
115,1989-07-25 13:00:00,1989-07-26 23:00:00,1989-07-25 14:00:00,34.0,22.7,193.84,S1,10,0,0,0,20.0,,17.300000000000004,18.8,22,1989,7,OMNI2_measured_pre_2020,OMNI_hourly_measured,OMNI_hourly_integrated,Measured from OMNI hourly >10 MeV proton flux.
116,1989-08-13 01:00:00,1989-08-22 04:00:00,1989-08-13 06:00:00,219.0,4970.0,141155.815,S3,184,132,37,0,37.60606060606061,,26.904040404040405,28.7,22,1989,8,OMNI2_measured_pre_2020,OMNI_hourly_measured,OMNI_hourly_integrated,Measured from OMNI hourly >10 MeV proton flux.
117,1989-08-22 18:00:00,1989-08-28 09:00:00,1989-08-22 20:00:00,135.0,19.8,1091.605,S1,62,0,0,0,22.061855670103093,,12.732989690721654,22.0,22,1989,8,OMNI2_measured_pre_2020,OMNI_hourly_measured,OMNI_hourly_integrated,Measured from OMNI hourly >10 MeV proton flux.
118,1989-09-04 03:00:00,1989-09-05 07:00:00,1989-09-04 09:00:00,28.0,10.6,155.085,S1,3,0,0,0,42.73913043478261,,26.347826086956523,27.0,22,1989,9,OMNI2_measured_pre_2020,OMNI_hourly_measured,OMNI_hourly_integrated,Measured from OMNI hourly >10 MeV proton flux.
119,1989-09-12 23:00:00,1989-09-14 19:00:00,1989-09-13 08:00:00,44.0,23.2,453.435,S1,21,0,0,0,18.90909090909091,,29.8318181818182,33.6,22,1989,9,OMNI2_measured_pre_2020,OMNI_hourly_measured,OMNI_hourly_integrated,Measured from OMNI hourly >10 MeV proton flux.
120,1989-09-29 12:00:00,1989-10-04 17:00:00,1989-09-29 23:00:00,125.0,2580.0,61503.14000000001,S3,83,44,31,0,23.5,,20.32549019607843,24.8,22,1989,9,OMNI2_measured_pre_2020,OMNI_hourly_measured,OMNI_hourly_integrated,Measured from OMNI hourly >10 MeV proton flux.
121,1989-10-19 13:00:00,1989-10-31 01:00:00,1989-10-23 04:00:00,276.0,4650.0,191230.225,S3,171,130,72,0,38.7025641025641,,17.48615384615385,21.2,22,1989,10,OMNI2_measured_pre_2020,OMNI_hourly_measured,OMNI_hourly_integrated,Measured from OMNI hourly >10 MeV proton flux.
122,1989-11-09 04:00:00,1989-11-10 09:00:00,1989-11-09 08:00:00,29.0,13.8,106.385,S1,6,0,0,0,32.3,,28.89999999999999,29.4,22,1989,11,OMNI2_measured_pre_2020,OMNI_hourly_measured,OMNI_hourly_integrated,Measured from OMNI hourly >10 MeV proton flux.
123,1989-11-15 07:00:00,1989-11-16 21:00:00,1989-11-15 08:00:00,38.0,72.8,475.6500000000001,S1,15,0,0,0,10.535714285714286,,17.767857142857146,18.2,22,1989,11,OMNI2_measured_pre_2020,OMNI_hourly_measured,OMNI_hourly_integrated,Measured from OMNI hourly >10 MeV proton flux.
124,1989-11-27 20:00:00,1989-11-29 20:00:00,1989-11-28 10:00:00,48.0,103.0,861.35,S2,17,1,0,0,39.375,,24.225,25.2,22,1989,11,OMNI2_measured_pre_2020,OMNI_hourly_measured,OMNI_hourly_integrated,Measured from OMNI hourly >10 MeV proton flux.
125,1989-11-30 14:00:00,1989-12-03 19:00:00,1989-12-01 08:00:00,77.0,1910.0,19242.584999999992,S3,38,32,5,0,39.91803278688525,,24.85245901639345,25.9,22,1989,11,OMNI2_measured_pre_2020,OMNI_hourly_measured,OMNI_hourly_integrated,Measured from OMNI hourly >10 MeV proton flux.
126,1990-03-19 14:00:00,1990-03-22 02:00:00,1990-03-19 22:00:00,60.0,636.0,10737.335,S2,34,25,0,0,40.76,451.7959183673469,28.812,29.7,22,1990,3,OMNI2_measured_pre_2020,OMNI_hourly_measured,OMNI_hourly_integrated,Measured from OMNI hourly >10 MeV proton flux.
127,1990-03-29 09:00:00,1990-03-30 05:00:00,1990-03-29 09:00:00,20.0,11.2,39.735,S1,1,0,0,0,45.3125,566.6875,18.075000000000003,18.2,22,1990,3,OMNI2_measured_pre_2020,OMNI_hourly_measured,OMNI_hourly_integrated,Measured from OMNI hourly >10 MeV proton flux.
128,1990-04-08 00:00:00,1990-04-09 12:00:00,1990-04-08 11:00:00,36.0,12.4,200.885,S1,13,0,0,0,26.615384615384617,242.15384615384616,14.599999999999998,17.3,22,1990,4,OMNI2_measured_pre_2020,OMNI_hourly_measured,OMNI_hourly_integrated,Measured from OMNI hourly >10 MeV proton flux.
129,1990-04-17 02:00:00,1990-04-19 02:00:00,1990-04-17 02:00:00,48.0,12.8,259.64500000000004,S1,5,0,0,0,38.526315789473685,436.5263157894737,27.334210526315783,28.8,22,1990,4,OMNI2_measured_pre_2020,OMNI_hourly_measured,OMNI_hourly_integrated,Measured from OMNI hourly >10 MeV proton flux.
130,1990-04-28 10:00:00,1990-04-30 07:00:00,1990-04-28 18:00:00,45.0,92.9,1105.26,S1,22,0,0,0,38.92857142857143,544.547619047619,13.614285714285714,15.4,22,1990,4,OMNI2_measured_pre_2020,OMNI_hourly_measured,OMNI_hourly_integrated,Measured from OMNI hourly >10 MeV proton flux.
131,1990-05-22 00:00:00,1990-05-24 17:00:00,1990-05-22 05:00:00,65.0,277.0,2197.185,S2,28,5,0,0,26.235294117647054,397.0980392156863,22.51176470588236,24.8,22,1990,5,OMNI2_measured_pre_2020,OMNI_hourly_measured,OMNI_hourly_integrated,Measured from OMNI hourly >10 MeV proton flux.
132,1990-05-24 21:00:00,1990-05-31 04:00:00,1990-05-25 00:00:00,151.0,97.9,2786.645,S1,65,0,0,0,36.07608695652174,445.4782608695652,16.723913043478266,20.9,22,1990,5,OMNI2_measured_pre_2020,OMNI_hourly_measured,OMNI_hourly_integrated,Measured from OMNI hourly >10 MeV proton flux.
133,1990-06-12 12:00:00,1990-06-14 06:00:00,1990-06-12 18:00:00,42.0,49.5,467.55,S1,13,0,0,0,59.90625,610.483870967742,17.2625,17.7,22,1990,6,OMNI2_measured_pre_2020,OMNI_hourly_measured,OMNI_hourly_integrated,Measured from OMNI hourly >10 MeV proton flux.
134,1990-07-26 21:00:00,1990-07-28 06:00:00,1990-07-27 00:00:00,33.0,14.9,300.53,S1,16,0,0,0,28.06451612903226,194.2258064516129,22.50322580645162,25.1,22,1990,7,OMNI2_measured_pre_2020,OMNI_hourly_measured,OMNI_hourly_integrated,Measured from OMNI hourly >10 MeV proton flux.
135,1990-08-01 01:00:00,1990-08-04 07:00:00,1990-08-01 18:00:00,78.0,154.0,2498.905,S2,50,7,0,0,25.84,279.70666666666665,19.584,22.0,22,1990,8,OMNI2_measured_pre_2020,OMNI_hourly_measured,OMNI_hourly_integrated,Measured from OMNI hourly >10 MeV proton flux.
136,1991-01-31 13:00:00,1991-02-02 10:00:00,1991-01-31 15:00:00,45.0,137.0,1323.715,S2,23,5,0,0,33.69565217391305,287.67391304347825,30.14130434782609,31.9,22,1991,1,OMNI2_measured_pre_2020,OMNI_hourly_measured,OMNI_hourly_integrated,Measured from OMNI hourly >10 MeV proton flux.
137,1991-03-23 08:00:00,1991-03-31 13:00:00,1991-03-24 01:00:00,197.0,7380.0,73867.685,S3,114,62,19,0,48.17213114754098,542.1065573770492,20.43688524590163,24.8,22,1991,3,OMNI2_measured_pre_2020,OMNI_hourly_measured,OMNI_hourly_integrated,Measured from OMNI hourly >10 MeV proton flux.
138,1991-04-03 08:00:00,1991-04-07 01:00:00,1991-04-04 10:00:00,89.0,28.8,1168.96,S1,58,0,0,0,37.39024390243903,388.6341463414634,20.614634146341466,23.1,22,1991,4,OMNI2_measured_pre_2020,OMNI_hourly_measured,OMNI_hourly_integrated,Measured from OMNI hourly >10 MeV proton flux.
139,1991-05-13 03:00:00,1991-05-15 05:00:00,1991-05-13 08:00:00,50.0,115.0,750.57,S2,18,3,0,0,31.6,308.7142857142857,17.039999999999996,18.4,22,1991,5,OMNI2_measured_pre_2020,OMNI_hourly_measured,OMNI_hourly_integrated,Measured from OMNI hourly >10 MeV proton flux.
140,1991-05-31 14:00:00,1991-06-19 17:00:00,1991-06-11 13:00:00,459.0,2570.0,30312.65,S3,238,84,1,0,44.15436241610738,495.7013422818792,22.69295302013423,33.1,22,1991,5,OMNI2_measured_pre_2020,OMNI_hourly_measured,OMNI_hourly_integrated,Measured from OMNI hourly >10 MeV proton flux.
141,1991-06-30 10:00:00,1991-07-05 00:00:00,1991-07-02 10:00:00,110.0,66.4,1551.3,S1,47,0,0,0,33.40816326530612,428.9387755102041,29.883673469387755,34.6,22,1991,6,OMNI2_measured_pre_2020,OMNI_hourly_measured,OMNI_hourly_integrated,Measured from OMNI hourly >10 MeV proton flux.
142,1991-07-07 05:00:00,1991-07-11 00:00:00,1991-07-08 15:00:00,91.0,1290.0,9164.085,S3,47,17,1,0,40.13846153846154,538.4923076923077,26.30307692307692,28.9,22,1991,7,OMNI2_measured_pre_2020,OMNI_hourly_measured,OMNI_hourly_integrated,Measured from OMNI hourly >10 MeV proton flux.
143,1991-07-11 03:00:00,1991-07-12 04:00:00,1991-07-11 04:00:00,25.0,19.9,210.1,S1,4,0,0,0,33.80769230769231,454.11538461538464,22.653846153846157,23.5,22,1991,7,OMNI2_measured_pre_2020,OMNI_hourly_measured,OMNI_hourly_integrated,Measured from OMNI hourly >10 MeV proton flux.
144,1991-08-26 22:00:00,1991-08-29 16:00:00,1991-08-27 18:00:00,66.0,138.0,1811.05,S2,43,5,0,0,30.28358208955224,377.9253731343284,21.52537313432836,24.2,22,1991,8,OMNI2_measured_pre_2020,OMNI_hourly_measured,OMNI_hourly_integrated,Measured from OMNI hourly >10 MeV proton flux.
145,1991-10-28 13:00:00,1991-10-29 15:00:00,1991-10-28 14:00:00,26.0,28.1,99.59999999999998,S1,3,0,0,0,65.31818181818181,667.6363636363636,32.05,33.9,22,1991,10,OMNI2_measured_pre_2020,OMNI_hourly_measured,OMNI_hourly_integrated,Measured from OMNI hourly >10 MeV proton flux.
146,1991-10-30 07:00:00,1991-11-01 18:00:00,1991-10-30 08:00:00,59.0,73.8,942.415,S1,30,0,0,0,51.81632653061224,566.0,28.84285714285714,30.5,22,1991,10,OMNI2_measured_pre_2020,OMNI_hourly_measured,OMNI_hourly_integrated,Measured from OMNI hourly >10 MeV proton flux.
147,1992-02-07 07:00:00,1992-02-09 16:00:00,1992-02-07 15:00:00,57.0,28.7,356.515,S1,17,0,0,0,42.56,516.44,24.352,26.8,22,1992,2,OMNI2_measured_pre_2020,OMNI_hourly_measured,OMNI_hourly_integrated,Measured from OMNI hourly >10 MeV proton flux.
148,1992-05-09 11:00:00,1992-05-12 03:00:00,1992-05-09 21:00:00,64.0,1170.0,7714.17,S3,36,14,3,0,59.48076923076923,766.0576923076923,9.384615384615383,10.2,22,1992,5,OMNI2_measured_pre_2020,OMNI_hourly_measured,OMNI_hourly_integrated,Measured from OMNI hourly >10 MeV proton flux.
149,1992-06-25 21:00:00,1992-06-30 04:00:00,1992-06-26 09:00:00,103.0,255.0,4995.15,S2,76,17,0,0,30.4020618556701,416.6082474226804,8.211340206185566,10.6,22,1992,6,OMNI2_measured_pre_2020,OMNI_hourly_measured,OMNI_hourly_integrated,Measured from OMNI hourly >10 MeV proton flux.
150,1992-10-31 15:00:00,1992-11-07 01:00:00,1992-10-31 15:00:00,154.0,2250.0,17176.354999999996,S3,67,18,5,0,29.431818181818183,285.7701149425287,12.75,14.7,22,1992,10,OMNI2_measured_pre_2020,OMNI_hourly_measured,OMNI_hourly_integrated,Measured from OMNI hourly >10 MeV proton flux.
151,1993-03-04 14:00:00,1993-03-05 21:00:00,1993-03-04 16:00:00,31.0,17.4,184.395,S1,8,0,0,0,17.962962962962962,141.8148148148148,14.733333333333333,15.4,22,1993,3,OMNI2_measured_pre_2020,OMNI_hourly_measured,OMNI_hourly_integrated,Measured from OMNI hourly >10 MeV proton flux.
152,1993-03-13 00:00:00,1993-03-13 16:00:00,1993-03-13 02:00:00,16.0,29.3,219.425,S1,11,0,0,0,42.16666666666666,458.3333333333333,9.8,9.8,22,1993,3,OMNI2_measured_pre_2020,OMNI_hourly_measured,OMNI_hourly_integrated,Measured from OMNI hourly >10 MeV proton flux.
153,1994-02-20 08:00:00,1994-02-22 22:00:00,1994-02-21 07:00:00,62.0,1260.0,6032.515,S3,34,7,2,0,45.46428571428572,541.3214285714286,3.7232142857142856,5.4,22,1994,2,OMNI2_measured_pre_2020,OMNI_hourly_measured,OMNI_hourly_integrated,Measured from OMNI hourly >10 MeV proton flux.
154,1994-10-20 01:00:00,1994-10-21 02:00:00,1994-10-20 03:00:00,25.0,27.0,85.57,S1,3,0,0,0,24.08333333333333,102.0,7.199999999999999,7.5,22,1994,10,OMNI2_measured_pre_2020,OMNI_hourly_measured,OMNI_hourly_integrated,Measured from OMNI hourly >10 MeV proton flux.
155,1995-10-20 09:00:00,1995-10-21 20:00:00,1995-10-20 10:00:00,35.0,38.3,161.725,S1,4,0,0,0,28.33333333333333,325.875,3.45,3.8,22,1995,10,OMNI2_measured_pre_2020,OMNI_hourly_measured,OMNI_hourly_integrated,Measured from OMNI hourly >10 MeV proton flux.
156,1997-11-04 11:00:00,1997-11-06 08:00:00,1997-11-04 13:00:00,45.0,29.6,440.33,S1,22,0,0,0,17.878048780487806,170.175,6.895121951219512,7.6,23,1997,11,OMNI2_measured_pre_2020,OMNI_hourly_measured,OMNI_hourly_integrated,Measured from OMNI hourly >10 MeV proton flux.
157,1997-11-06 13:00:00,1997-11-10 07:00:00,1997-11-07 07:00:00,90.0,383.0,8330.26,S2,67,30,0,0,27.46153846153846,258.1428571428572,4.592307692307693,6.5,23,1997,11,OMNI2_measured_pre_2020,OMNI_hourly_measured,OMNI_hourly_integrated,Measured from OMNI hourly >10 MeV proton flux.
158,1998-04-20 16:00:00,1998-04-25 10:00:00,1998-04-21 13:00:00,114.0,1300.0,22872.65,S3,81,51,4,0,25.692307692307693,288.28846153846155,3.375,4.5,23,1998,4,OMNI2_measured_pre_2020,OMNI_hourly_measured,OMNI_hourly_integrated,Measured from OMNI hourly >10 MeV proton flux.
159,1998-05-02 15:00:00,1998-05-04 15:00:00,1998-05-02 18:00:00,48.0,47.9,702.09,S1,23,0,0,0,59.35714285714285,717.0,9.642857142857142,9.7,23,1998,5,OMNI2_measured_pre_2020,OMNI_hourly_measured,OMNI_hourly_integrated,Measured from OMNI hourly >10 MeV proton flux.
160,1998-05-06 09:00:00,1998-05-07 21:00:00,1998-05-06 09:00:00,36.0,84.8,457.645,S1,13,0,0,0,19.029411764705884,254.14705882352945,9.567647058823532,10.0,23,1998,5,OMNI2_measured_pre_2020,OMNI_hourly_measured,OMNI_hourly_integrated,Measured from OMNI hourly >10 MeV proton flux.
161,1998-08-25 04:00:00,1998-08-29 19:00:00,1998-08-26 07:00:00,111.0,455.0,7299.210000000001,S2,82,23,0,0,43.24509803921568,509.72549019607845,12.01666666666667,13.4,23,1998,8,OMNI2_measured_pre_2020,OMNI_hourly_measured,OMNI_hourly_integrated,Measured from OMNI hourly >10 MeV proton flux.
162,1998-09-25 00:00:00,1998-09-26 01:00:00,1998-09-25 01:00:00,25.0,29.9,86.02,S1,2,0,0,0,56.92307692307692,709.3076923076923,14.64615384615385,14.9,23,1998,9,OMNI2_measured_pre_2020,OMNI_hourly_measured,OMNI_hourly_integrated,Measured from OMNI hourly >10 MeV proton flux.
163,1998-09-30 15:00:00,1998-10-03 06:00:00,1998-09-30 21:00:00,63.0,464.0,6298.73,S2,35,18,0,0,38.03389830508475,441.9122807017544,4.483050847457627,5.8,23,1998,9,OMNI2_measured_pre_2020,OMNI_hourly_measured,OMNI_hourly_integrated,Measured from OMNI hourly >10 MeV proton flux.
164,1998-11-14 10:00:00,1998-11-17 04:00:00,1998-11-14 14:00:00,66.0,173.0,2068.5950000000003,S2,43,6,0,0,25.421875,204.78125,11.20625,12.5,23,1998,11,OMNI2_measured_pre_2020,OMNI_hourly_measured,OMNI_hourly_integrated,Measured from OMNI hourly >10 MeV proton flux.
165,1999-04-24 22:00:00,1999-04-26 05:00:00,1999-04-24 22:00:00,31.0,16.7,174.875,S1,6,0,0,0,10.6,69.4,6.720000000000001,7.5,23,1999,4,OMNI2_measured_pre_2020,OMNI_hourly_measured,OMNI_hourly_integrated,Measured from OMNI hourly >10 MeV proton flux.
166,1999-06-02 04:00:00,1999-06-06 10:00:00,1999-06-04 16:00:00,102.0,39.4,1359.9,S1,52,0,0,0,15.0990099009901,147.76237623762376,20.86534653465346,22.0,23,1999,6,OMNI2_measured_pre_2020,OMNI_hourly_measured,OMNI_hourly_integrated,Measured from OMNI hourly >10 MeV proton flux.
167,2000-04-04 23:00:00,2000-04-06 15:00:00,2000-04-05 02:00:00,40.0,24.0,196.675,S1,7,0,0,0,28.08,307.0,17.864,25.0,23,2000,4,OMNI2_measured_pre_2020,OMNI_hourly_measured,OMNI_hourly_integrated,Measured from OMNI hourly >10 MeV proton flux.
168,2000-06-07 15:00:00,2000-06-09 19:00:00,2000-06-08 09:00:00,52.0,44.2,789.1249999999999,S1,29,0,0,0,33.113207547169814,429.1509433962264,17.82264150943396,18.4,23,2000,6,OMNI2_measured_pre_2020,OMNI_hourly_measured,OMNI_hourly_integrated,Measured from OMNI hourly >10 MeV proton flux.
169,2000-06-10 19:00:00,2000-06-12 05:00:00,2000-06-10 19:00:00,34.0,31.8,311.2950000000001,S1,11,0,0,0,32.74285714285714,401.6857142857143,21.91142857142857,22.7,23,2000,6,OMNI2_measured_pre_2020,OMNI_hourly_measured,OMNI_hourly_integrated,Measured from OMNI hourly >10 MeV proton flux.
170,2000-07-14 10:00:00,2000-07-20 16:00:00,2000-07-15 04:00:00,150.0,8390.0,163509.57499999998,S3,109,65,32,0,40.8062015503876,471.4108527131783,29.156589147286823,35.3,23,2000,7,OMNI2_measured_pre_2020,OMNI_hourly_measured,OMNI_hourly_integrated,Measured from OMNI hourly >10 MeV proton flux.
171,2000-07-22 15:00:00,2000-07-23 15:00:00,2000-07-22 15:00:00,24.0,10.1,97.88,S1,1,0,0,0,25.52,353.2,29.464,31.0,23,2000,7,OMNI2_measured_pre_2020,OMNI_hourly_measured,OMNI_hourly_integrated,Measured from OMNI hourly >10 MeV proton flux.
172,2000-09-03 09:00:00,2000-09-04 09:00:00,2000-09-03 09:00:00,24.0,35.4,23.83,S1,1,0,0,0,17.466666666666665,135.42857142857142,18.32,19.1,23,2000,9,OMNI2_measured_pre_2020,OMNI_hourly_measured,OMNI_hourly_integrated,Measured from OMNI hourly >10 MeV proton flux.
173,2000-09-12 17:00:00,2000-09-16 19:00:00,2000-09-13 10:00:00,98.0,129.0,3539.4349999999995,S2,66,13,0,0,22.41935483870968,261.8695652173913,9.29462365591398,12.1,23,2000,9,OMNI2_measured_pre_2020,OMNI_hourly_measured,OMNI_hourly_integrated,Measured from OMNI hourly >10 MeV proton flux.
174,2000-10-09 13:00:00,2000-10-10 13:00:00,2000-10-09 13:00:00,24.0,24.5,26.225,S1,1,0,0,0,20.09523809523809,263.8095238095238,8.766666666666666,10.1,23,2000,10,OMNI2_measured_pre_2020,OMNI_hourly_measured,OMNI_hourly_integrated,Measured from OMNI hourly >10 MeV proton flux.
175,2000-10-16 17:00:00,2000-10-17 17:00:00,2000-10-16 17:00:00,24.0,10.1,138.235,S1,1,0,0,0,22.68,142.0,13.604,13.8,23,2000,10,OMNI2_measured_pre_2020,OMNI_hourly_measured,OMNI_hourly_integrated,Measured from OMNI hourly >10 MeV proton flux.
176,2000-11-02 18:00:00,2000-11-03 13:00:00,2000-11-02 18:00:00,19.0,33.3,29.05,S1,1,0,0,0,3.4705882352941178,43.0,21.058823529411764,21.8,23,2000,11,OMNI2_measured_pre_2020,OMNI_hourly_measured,OMNI_hourly_integrated,Measured from OMNI hourly >10 MeV proton flux.
177,2000-11-04 02:00:00,2000-11-05 02:00:00,2000-11-04 02:00:00,24.0,20.6,23.13,S1,1,0,0,0,38.91666666666666,391.9166666666667,19.2625,19.7,23,2000,11,OMNI2_measured_pre_2020,OMNI_hourly_measured,OMNI_hourly_integrated,Measured from OMNI hourly >10 MeV proton flux.
178,2000-11-08 23:00:00,2000-11-13 20:00:00,2000-11-09 14:00:00,117.0,7730.0,160921.75999999995,S3,94,54,31,0,31.084745762711865,291.58474576271186,12.789830508474578,18.8,23,2000,11,OMNI2_measured_pre_2020,OMNI_hourly_measured,OMNI_hourly_integrated,Measured from OMNI hourly >10 MeV proton flux.
179,2000-11-24 15:00:00,2000-11-29 21:00:00,2000-11-26 20:00:00,126.0,569.0,6723.9,S2,91,21,0,0,35.63157894736842,351.2894736842105,13.045614035087718,18.2,23,2000,11,OMNI2_measured_pre_2020,OMNI_hourly_measured,OMNI_hourly_integrated,Measured from OMNI hourly >10 MeV proton flux.
180,2001-01-28 20:00:00,2001-01-30 21:00:00,2001-01-29 06:00:00,49.0,34.8,608.715,S1,25,0,0,0,17.58,104.92,12.224,15.2,23,2001,1,OMNI2_measured_pre_2020,OMNI_hourly_measured,OMNI_hourly_integrated,Measured from OMNI hourly >10 MeV proton flux.
181,2001-03-28 18:00:00,2001-04-01 05:00:00,2001-03-28 18:00:00,83.0,163.0,756.2,S2,35,1,0,0,46.85333333333333,377.26666666666665,32.276,34.3,23,2001,3,OMNI2_measured_pre_2020,OMNI_hourly_measured,OMNI_hourly_integrated,Measured from OMNI hourly >10 MeV proton flux.
182,2001-04-02 23:00:00,2001-04-07 13:00:00,2001-04-03 07:00:00,110.0,452.0,10182.395,S2,86,37,0,0,27.25225225225225,242.8348623853211,19.845945945945942,25.4,23,2001,4,OMNI2_measured_pre_2020,OMNI_hourly_measured,OMNI_hourly_integrated,Measured from OMNI hourly >10 MeV proton flux.
183,2001-04-10 09:00:00,2001-04-14 07:00:00,2001-04-11 20:00:00,94.0,172.0,4377.845,S2,71,8,0,0,39.88421052631579,440.1473684210527,15.862105263157888,17.3,23,2001,4,OMNI2_measured_pre_2020,OMNI_hourly_measured,OMNI_hourly_integrated,Measured from OMNI hourly >10 MeV proton flux.
184,2001-04-15 14:00:00,2001-04-20 23:00:00,2001-04-15 19:00:00,129.0,699.0,11308.195000000002,S2,95,32,0,0,21.7890625,258.56692913385825,8.399218750000001,12.9,23,2001,4,OMNI2_measured_pre_2020,OMNI_hourly_measured,OMNI_hourly_integrated,Measured from OMNI hourly >10 MeV proton flux.
185,2001-05-07 22:00:00,2001-05-09 10:00:00,2001-05-08 08:00:00,36.0,15.4,252.3,S1,13,0,0,0,30.852941176470587,467.3235294117647,8.694117647058823,11.6,23,2001,5,OMNI2_measured_pre_2020,OMNI_hourly_measured,OMNI_hourly_integrated,Measured from OMNI hourly >10 MeV proton flux.
186,2001-06-10 07:00:00,2001-06-11 07:00:00,2001-06-10 07:00:00,24.0,211.0,115.235,S2,1,1,0,0,24.70833333333333,265.2916666666667,24.8,26.2,23,2001,6,OMNI2_measured_pre_2020,OMNI_hourly_measured,OMNI_hourly_integrated,Measured from OMNI hourly >10 MeV proton flux.
187,2001-06-15 18:00:00,2001-06-17 05:00:00,2001-06-15 19:00:00,35.0,18.7,322.87,S1,12,0,0,0,10.583333333333334,91.16666666666669,28.466666666666665,28.9,23,2001,6,OMNI2_measured_pre_2020,OMNI_hourly_measured,OMNI_hourly_integrated,Measured from OMNI hourly >10 MeV proton flux.
188,2001-08-16 01:00:00,2001-08-19 03:00:00,2001-08-16 03:00:00,74.0,241.0,4688.215,S2,51,20,0,0,23.133333333333333,210.1891891891892,17.577333333333332,19.3,23,2001,8,OMNI2_measured_pre_2020,OMNI_hourly_measured,OMNI_hourly_integrated,Measured from OMNI hourly >10 MeV proton flux.
189,2002-03-18 23:00:00,2002-03-20 12:00:00,2002-03-19 06:00:00,37.0,37.0,363.715,S1,14,0,0,0,22.5,156.07692307692307,12.092307692307692,13.8,23,2002,3,OMNI2_measured_pre_2020,OMNI_hourly_measured,OMNI_hourly_integrated,Measured from OMNI hourly >10 MeV proton flux.
190,2002-04-17 16:00:00,2002-04-17 16:00:00,2002-04-17 16:00:00,0.0,13.5,0.0,S1,1,0,0,0,73.0,1325.0,14.6,14.6,23,2002,4,OMNI2_measured_pre_2020,OMNI_hourly_measured,OMNI_hourly_integrated,Measured from OMNI hourly >10 MeV proton flux.
191,2002-04-21 22:00:00,2002-04-26 10:00:00,2002-04-21 22:00:00,108.0,1500.0,13573.825,S3,54,24,4,0,19.166666666666668,201.62121212121207,18.7030303030303,23.2,23,2002,4,OMNI2_measured_pre_2020,OMNI_hourly_measured,OMNI_hourly_integrated,Measured from OMNI hourly >10 MeV proton flux.
192,2002-05-23 05:00:00,2002-05-25 12:00:00,2002-05-23 10:00:00,55.0,304.0,690.0300000000001,S2,9,1,0,0,17.88888888888889,144.27777777777777,20.344444444444445,21.1,23,2002,5,OMNI2_measured_pre_2020,OMNI_hourly_measured,OMNI_hourly_integrated,Measured from OMNI hourly >10 MeV proton flux.
193,2002-07-07 20:00:00,2002-07-08 23:00:00,2002-07-07 22:00:00,27.0,14.5,95.95,S1,4,0,0,0,18.615384615384617,174.07692307692307,10.353846153846153,10.7,23,2002,7,OMNI2_measured_pre_2020,OMNI_hourly_measured,OMNI_hourly_integrated,Measured from OMNI hourly >10 MeV proton flux.
194,2002-07-16 19:00:00,2002-07-19 04:00:00,2002-07-17 15:00:00,57.0,91.9,906.67,S1,24,0,0,0,22.486486486486488,190.8108108108108,14.73513513513513,16.0,23,2002,7,OMNI2_measured_pre_2020,OMNI_hourly_measured,OMNI_hourly_integrated,Measured from OMNI hourly >10 MeV proton flux.
195,2002-07-22 07:00:00,2002-07-24 13:00:00,2002-07-23 07:00:00,54.0,18.2,189.55,S1,13,0,0,0,24.384615384615383,334.9230769230769,19.24615384615385,20.9,23,2002,7,OMNI2_measured_pre_2020,OMNI_hourly_measured,OMNI_hourly_integrated,Measured from OMNI hourly >10 MeV proton flux.
196,2002-08-22 09:00:00,2002-08-23 20:00:00,2002-08-22 09:00:00,35.0,20.5,210.455,S1,12,0,0,0,13.461538461538462,76.38461538461539,17.792307692307695,18.6,23,2002,8,OMNI2_measured_pre_2020,OMNI_hourly_measured,OMNI_hourly_integrated,Measured from OMNI hourly >10 MeV proton flux.
197,2002-08-24 01:00:00,2002-08-27 03:00:00,2002-08-24 14:00:00,74.0,158.0,2002.28,S2,28,10,0,0,17.81578947368421,200.3421052631579,13.78421052631579,14.9,23,2002,8,OMNI2_measured_pre_2020,OMNI_hourly_measured,OMNI_hourly_integrated,Measured from OMNI hourly >10 MeV proton flux.
198,2002-09-07 17:00:00,2002-09-08 21:00:00,2002-09-07 17:00:00,28.0,38.4,143.88,S1,5,0,0,0,64.53846153846153,858.2307692307693,20.923076923076927,21.3,23,2002,9,OMNI2_measured_pre_2020,OMNI_hourly_measured,OMNI_hourly_integrated,Measured from OMNI hourly >10 MeV proton flux.
199,2002-11-09 22:00:00,2002-11-12 02:00:00,2002-11-10 03:00:00,52.0,179.0,739.375,S2,10,3,0,0,27.0,117.8,17.949999999999996,19.9,23,2002,11,OMNI2_measured_pre_2020,OMNI_hourly_measured,OMNI_hourly_integrated,Measured from OMNI hourly >10 MeV proton flux.
200,2003-10-27 01:00:00,2003-10-28 06:00:00,2003-10-27 02:00:00,29.0,248.0,1075.83,S2,5,5,0,0,37.36363636363637,318.0,22.518181818181816,24.7,23,2003,10,OMNI2_measured_pre_2020,OMNI_hourly_measured,OMNI_hourly_integrated,Measured from OMNI hourly >10 MeV proton flux.
201,2003-10-29 01:00:00,2003-11-02 07:00:00,2003-10-29 02:00:00,102.0,9650.0,68303.27999999998,S3,52,31,29,0,55.77272727272727,562.7878787878788,22.01515151515152,25.0,23,2003,10,OMNI2_measured_pre_2020,OMNI_hourly_measured,OMNI_hourly_integrated,Measured from OMNI hourly >10 MeV proton flux.
202,2003-11-02 11:00:00,2003-11-06 22:00:00,2003-11-03 13:00:00,107.0,891.0,12173.7,S2,42,16,0,0,27.30952380952381,253.1190476190476,7.992857142857144,13.8,23,2003,11,OMNI2_measured_pre_2020,OMNI_hourly_measured,OMNI_hourly_integrated,Measured from OMNI hourly >10 MeV proton flux.
203,2003-11-08 03:00:00,2003-11-09 03:00:00,2003-11-08 03:00:00,24.0,60.0,49.95,S1,1,0,0,0,19.714285714285715,153.14285714285714,3.8571428571428577,4.8,23,2003,11,OMNI2_measured_pre_2020,OMNI_hourly_measured,OMNI_hourly_integrated,Measured from OMNI hourly >10 MeV proton flux.
204,2003-11-21 23:00:00,2003-11-23 02:00:00,2003-11-21 23:00:00,27.0,12.5,144.48,S1,4,0,0,0,32.44444444444444,206.52941176470588,10.827777777777778,13.4,23,2003,11,OMNI2_measured_pre_2020,OMNI_hourly_measured,OMNI_hourly_integrated,Measured from OMNI hourly >10 MeV proton flux.
205,2003-12-02 23:00:00,2003-12-04 08:00:00,2003-12-02 23:00:00,33.0,42.6,372.085,S1,10,0,0,0,8.142857142857142,81.57142857142857,10.814285714285717,11.2,23,2003,12,OMNI2_measured_pre_2020,OMNI_hourly_measured,OMNI_hourly_integrated,Measured from OMNI hourly >10 MeV proton flux.
206,2004-05-24 04:00:00,2004-05-25 06:00:00,2004-05-24 05:00:00,26.0,31.1,80.045,S1,3,0,0,0,17.357142857142858,129.0,10.557142857142855,10.9,23,2004,5,OMNI2_measured_pre_2020,OMNI_hourly_measured,OMNI_hourly_integrated,Measured from OMNI hourly >10 MeV proton flux.
207,2004-07-25 18:00:00,2004-07-28 03:00:00,2004-07-26 22:00:00,57.0,690.0,2861.535,S2,27,8,0,0,58.96774193548387,675.0645161290323,9.322580645161286,10.5,23,2004,7,OMNI2_measured_pre_2020,OMNI_hourly_measured,OMNI_hourly_integrated,Measured from OMNI hourly >10 MeV proton flux.
208,2004-09-13 21:00:00,2004-09-15 00:00:00,2004-09-14 00:00:00,27.0,209.0,773.9999999999999,S2,12,3,0,0,44.0,571.5833333333334,6.033333333333334,6.9,23,2004,9,OMNI2_measured_pre_2020,OMNI_hourly_measured,OMNI_hourly_integrated,Measured from OMNI hourly >10 MeV proton flux.
209,2004-09-20 00:00:00,2004-09-21 07:00:00,2004-09-20 00:00:00,31.0,30.3,244.075,S1,8,0,0,0,24.678571428571427,230.1071428571429,4.575000000000001,4.7,23,2004,9,OMNI2_measured_pre_2020,OMNI_hourly_measured,OMNI_hourly_integrated,Measured from OMNI hourly >10 MeV proton flux.
210,2004-11-01 13:00:00,2004-11-01 19:00:00,2004-11-01 13:00:00,6.0,19.9,87.14999999999999,S1,7,0,0,0,11.285714285714286,104.57142857142856,12.2,12.2,23,2004,11,OMNI2_measured_pre_2020,OMNI_hourly_measured,OMNI_hourly_integrated,Measured from OMNI hourly >10 MeV proton flux.
211,2004-11-07 22:00:00,2004-11-13 19:00:00,2004-11-07 22:00:00,141.0,205.0,5301.765,S2,80,12,0,0,52.39772727272727,720.3409090909091,7.195454545454546,10.1,23,2004,11,OMNI2_measured_pre_2020,OMNI_hourly_measured,OMNI_hourly_integrated,Measured from OMNI hourly >10 MeV proton flux.
212,2005-01-16 17:00:00,2005-01-23 14:00:00,2005-01-18 06:00:00,165.0,3290.0,56243.285,S3,107,68,22,0,40.92622950819672,418.155737704918,6.966393442622951,10.0,23,2005,1,OMNI2_measured_pre_2020,OMNI_hourly_measured,OMNI_hourly_integrated,Measured from OMNI hourly >10 MeV proton flux.
213,2005-05-14 03:00:00,2005-05-16 06:00:00,2005-05-15 02:00:00,51.0,1080.0,5149.465000000001,S3,16,10,1,0,41.66666666666666,500.625,6.45,7.4,23,2005,5,OMNI2_measured_pre_2020,OMNI_hourly_measured,OMNI_hourly_integrated,Measured from OMNI hourly >10 MeV proton flux.
214,2005-06-16 22:00:00,2005-06-18 17:00:00,2005-06-17 03:00:00,43.0,34.9,339.33,S1,13,0,0,0,24.642857142857142,293.17857142857144,6.110714285714285,6.9,23,2005,6,OMNI2_measured_pre_2020,OMNI_hourly_measured,OMNI_hourly_integrated,Measured from OMNI hourly >10 MeV proton flux.
215,2005-07-14 17:00:00,2005-07-15 02:00:00,2005-07-15 01:00:00,9.0,90.9,518.25,S1,10,0,0,0,5.8,56.4,4.279999999999999,4.7,23,2005,7,OMNI2_measured_pre_2020,OMNI_hourly_measured,OMNI_hourly_integrated,Measured from OMNI hourly >10 MeV proton flux.
216,2005-07-18 04:00:00,2005-07-19 04:00:00,2005-07-18 04:00:00,24.0,11.6,76.32,S1,2,0,0,0,35.72727272727273,562.3636363636364,0.1272727272727272,1.4,23,2005,7,OMNI2_measured_pre_2020,OMNI_hourly_measured,OMNI_hourly_integrated,Measured from OMNI hourly >10 MeV proton flux.
217,2005-07-27 23:00:00,2005-08-02 10:00:00,2005-07-30 09:00:00,131.0,26.9,648.6049999999999,S1,32,0,0,0,24.666666666666668,263.1458333333333,9.685416666666669,11.5,23,2005,7,OMNI2_measured_pre_2020,OMNI_hourly_measured,OMNI_hourly_integrated,Measured from OMNI hourly >10 MeV proton flux.
218,2005-08-03 06:00:00,2005-08-04 06:00:00,2005-08-03 06:00:00,24.0,47.9,33.43999999999999,S1,1,0,0,0,22.476190476190474,307.3809523809524,7.599999999999999,8.0,23,2005,8,OMNI2_measured_pre_2020,OMNI_hourly_measured,OMNI_hourly_integrated,Measured from OMNI hourly >10 MeV proton flux.
219,2005-08-24 02:00:00,2005-08-25 11:00:00,2005-08-24 02:00:00,33.0,118.0,731.1699999999998,S2,10,1,0,0,43.76190476190476,622.5238095238095,6.895238095238097,7.0,23,2005,8,OMNI2_measured_pre_2020,OMNI_hourly_measured,OMNI_hourly_integrated,Measured from OMNI hourly >10 MeV proton flux.
220,2005-09-08 03:00:00,2005-09-14 22:00:00,2005-09-10 10:00:00,163.0,769.0,26366.76,S2,105,65,0,0,38.20512820512821,468.5862068965517,5.629059829059829,8.5,23,2005,9,OMNI2_measured_pre_2020,OMNI_hourly_measured,OMNI_hourly_integrated,Measured from OMNI hourly >10 MeV proton flux.
221,2005-09-22 05:00:00,2005-09-23 19:00:00,2005-09-22 09:00:00,38.0,17.5,249.09500000000003,S1,15,0,0,0,15.636363636363637,183.66666666666663,2.7393939393939397,3.2,23,2005,9,OMNI2_measured_pre_2020,OMNI_hourly_measured,OMNI_hourly_integrated,Measured from OMNI hourly >10 MeV proton flux.
222,2005-12-07 06:00:00,2005-12-08 06:00:00,2005-12-07 06:00:00,24.0,14.2,9.185,S1,1,0,0,0,0.6923076923076923,22.23076923076923,3.3461538461538463,3.6,23,2005,12,OMNI2_measured_pre_2020,OMNI_hourly_measured,OMNI_hourly_integrated,Measured from OMNI hourly >10 MeV proton flux.
223,2006-12-06 16:00:00,2006-12-16 15:00:00,2006-12-07 19:00:00,239.0,1942.5,56363.265,S3,200,116,16,0,32.8625,342.8284518828452,2.803333333333333,5.4,23,2006,12,OMNI2_measured_pre_2020,OMNI_hourly_measured,OMNI_hourly_integrated,Measured from OMNI hourly >10 MeV proton flux.
224,2011-03-08 01:00:00,2011-03-11 10:00:00,2011-03-08 07:00:00,81.0,36.72,1150.4150000000002,S1,44,0,0,0,22.23170731707317,286.2682926829268,10.804878048780486,14.1,24,2011,3,OMNI2_measured_pre_2020,OMNI_hourly_measured,OMNI_hourly_integrated,Measured from OMNI hourly >10 MeV proton flux.
225,2011-03-22 01:00:00,2011-03-23 02:00:00,2011-03-22 01:00:00,25.0,11.7,70.535,S1,2,0,0,0,17.076923076923077,74.73076923076923,4.465384615384616,4.5,24,2011,3,OMNI2_measured_pre_2020,OMNI_hourly_measured,OMNI_hourly_integrated,Measured from OMNI hourly >10 MeV proton flux.
226,2011-06-07 08:00:00,2011-06-09 13:00:00,2011-06-07 18:00:00,53.0,62.62,1005.635,S1,30,0,0,0,21.75925925925926,324.2962962962963,4.72962962962963,5.8,24,2011,6,OMNI2_measured_pre_2020,OMNI_hourly_measured,OMNI_hourly_integrated,Measured from OMNI hourly >10 MeV proton flux.
227,2011-08-04 07:00:00,2011-08-07 04:00:00,2011-08-05 21:00:00,69.0,74.34,1748.055,S1,46,0,0,0,27.52857142857143,255.92857142857144,8.524285714285712,9.2,24,2011,8,OMNI2_measured_pre_2020,OMNI_hourly_measured,OMNI_hourly_integrated,Measured from OMNI hourly >10 MeV proton flux.
228,2011-08-09 09:00:00,2011-08-10 14:00:00,2011-08-09 09:00:00,29.0,17.39,153.97499999999997,S1,6,0,0,0,14.9,156.36666666666667,4.849999999999999,6.1,24,2011,8,OMNI2_measured_pre_2020,OMNI_hourly_measured,OMNI_hourly_integrated,Measured from OMNI hourly >10 MeV proton flux.
229,2011-09-25 11:00:00,2011-09-28 00:00:00,2011-09-26 02:00:00,61.0,27.33,806.5950000000001,S1,38,0,0,0,32.12903225806452,309.35483870967744,11.05645161290322,12.2,24,2011,9,OMNI2_measured_pre_2020,OMNI_hourly_measured,OMNI_hourly_integrated,Measured from OMNI hourly >10 MeV proton flux.
230,2011-11-26 12:00:00,2011-11-28 20:00:00,2011-11-27 09:00:00,56.0,48.18,1090.4299999999998,S1,33,0,0,0,9.63157894736842,80.3859649122807,11.589473684210525,13.1,24,2011,11,OMNI2_measured_pre_2020,OMNI_hourly_measured,OMNI_hourly_integrated,Measured from OMNI hourly >10 MeV proton flux.
231,2012-01-23 05:00:00,2012-02-01 04:00:00,2012-01-24 15:00:00,215.0,3927.4,96715.31,S3,175,94,38,0,17.59259259259259,176.25925925925927,6.922222222222223,11.3,24,2012,1,OMNI2_measured_pre_2020,OMNI_hourly_measured,OMNI_hourly_integrated,Measured from OMNI hourly >10 MeV proton flux.
232,2012-03-07 05:00:00,2012-03-16 04:00:00,2012-03-08 11:00:00,215.0,4559.95,85561.48999999999,S3,168,93,36,0,34.353488372093025,417.3488372093023,10.144651162790698,11.6,24,2012,3,OMNI2_measured_pre_2020,OMNI_hourly_measured,OMNI_hourly_integrated,Measured from OMNI hourly >10 MeV proton flux.
233,2012-05-17 02:00:00,2012-05-19 12:00:00,2012-05-17 04:00:00,58.0,193.18,1768.405,S2,35,6,0,0,13.322033898305085,137.11864406779662,10.652542372881358,11.0,24,2012,5,OMNI2_measured_pre_2020,OMNI_hourly_measured,OMNI_hourly_integrated,Measured from OMNI hourly >10 MeV proton flux.
234,2012-06-16 20:00:00,2012-06-17 22:00:00,2012-06-16 20:00:00,26.0,10.48,56.59,S1,2,0,0,0,47.55555555555556,553.1481481481482,9.066666666666668,10.6,24,2012,6,OMNI2_measured_pre_2020,OMNI_hourly_measured,OMNI_hourly_integrated,Measured from OMNI hourly >10 MeV proton flux.
235,2012-07-07 04:00:00,2012-07-08 13:00:00,2012-07-07 07:00:00,33.0,19.29,268.6,S1,10,0,0,0,18.676470588235293,115.8529411764706,13.405882352941177,14.6,24,2012,7,OMNI2_measured_pre_2020,OMNI_hourly_measured,OMNI_hourly_integrated,Measured from OMNI hourly >10 MeV proton flux.
236,2012-07-09 01:00:00,2012-07-10 14:00:00,2012-07-09 04:00:00,37.0,15.8,268.32500000000005,S1,14,0,0,0,38.86842105263158,704.9736842105264,11.607894736842104,12.2,24,2012,7,OMNI2_measured_pre_2020,OMNI_hourly_measured,OMNI_hourly_integrated,Measured from OMNI hourly >10 MeV proton flux.
237,2012-07-12 19:00:00,2012-07-15 22:00:00,2012-07-12 22:00:00,75.0,53.65,902.935,S1,42,0,0,0,26.94736842105263,408.3157894736842,12.384210526315792,12.9,24,2012,7,OMNI2_measured_pre_2020,OMNI_hourly_measured,OMNI_hourly_integrated,Measured from OMNI hourly >10 MeV proton flux.
238,2012-07-17 19:00:00,2012-07-22 00:00:00,2012-07-20 05:00:00,101.0,69.15,2438.78,S1,74,0,0,0,16.57843137254902,169.65686274509804,4.21470588235294,8.6,24,2012,7,OMNI2_measured_pre_2020,OMNI_hourly_measured,OMNI_hourly_integrated,Measured from OMNI hourly >10 MeV proton flux.
239,2012-07-23 21:00:00,2012-07-24 22:00:00,2012-07-23 21:00:00,25.0,10.77,208.885,S1,2,0,0,0,20.5,208.46153846153845,7.007692307692308,7.1,24,2012,7,OMNI2_measured_pre_2020,OMNI_hourly_measured,OMNI_hourly_integrated,Measured from OMNI hourly >10 MeV proton flux.
240,2012-09-01 14:00:00,2012-09-04 14:00:00,2012-09-02 10:00:00,72.0,36.4,1045.565,S1,43,0,0,0,30.753424657534246,493.3972602739726,15.543835616438356,17.1,24,2012,9,OMNI2_measured_pre_2020,OMNI_hourly_measured,OMNI_hourly_integrated,Measured from OMNI hourly >10 MeV proton flux.
241,2012-09-28 04:00:00,2012-09-29 05:00:00,2012-09-28 04:00:00,25.0,12.85,102.2,S1,2,0,0,0,1.5,40.11538461538461,8.361538461538462,8.5,24,2012,9,OMNI2_measured_pre_2020,OMNI_hourly_measured,OMNI_hourly_integrated,Measured from OMNI hourly >10 MeV proton flux.
242,2013-04-11 10:00:00,2013-04-13 14:00:00,2013-04-11 16:00:00,52.0,74.49,1138.09,S1,29,0,0,0,12.150943396226417,80.66037735849056,12.300000000000006,12.6,24,2013,4,OMNI2_measured_pre_2020,OMNI_hourly_measured,OMNI_hourly_integrated,Measured from OMNI hourly >10 MeV proton flux.
243,2013-05-15 14:00:00,2013-05-19 10:00:00,2013-05-17 17:00:00,92.0,33.38,1490.09,S1,69,0,0,0,25.532608695652176,323.6847826086956,16.871739130434786,20.6,24,2013,5,OMNI2_measured_pre_2020,OMNI_hourly_measured,OMNI_hourly_integrated,Measured from OMNI hourly >10 MeV proton flux.
244,2013-06-23 23:00:00,2013-06-25 07:00:00,2013-06-24 02:00:00,32.0,11.61,148.49,S1,9,0,0,0,29.75757575757576,481.2121212121212,10.078787878787882,11.8,24,2013,6,OMNI2_measured_pre_2020,OMNI_hourly_measured,OMNI_hourly_integrated,Measured from OMNI hourly >10 MeV proton flux.
245,2013-09-30 05:00:00,2013-10-03 04:00:00,2013-09-30 20:00:00,71.0,104.16,2882.685000000001,S2,48,2,0,0,21.88888888888889,234.34722222222223,5.470833333333333,6.8,24,2013,9,OMNI2_measured_pre_2020,OMNI_hourly_measured,OMNI_hourly_integrated,Measured from OMNI hourly >10 MeV proton flux.
246,2013-12-28 22:00:00,2013-12-30 03:00:00,2013-12-28 23:00:00,29.0,17.42,161.53,S1,6,0,0,0,8.166666666666666,63.86206896551724,11.919999999999998,12.4,24,2013,12,OMNI2_measured_pre_2020,OMNI_hourly_measured,OMNI_hourly_integrated,Measured from OMNI hourly >10 MeV proton flux.
247,2014-01-06 09:00:00,2014-01-12 09:00:00,2014-01-09 00:00:00,144.0,761.67,25320.395,S2,117,49,0,0,12.544827586206896,100.33103448275862,13.337241379310347,16.7,24,2014,1,OMNI2_measured_pre_2020,OMNI_hourly_measured,OMNI_hourly_integrated,Measured from OMNI hourly >10 MeV proton flux.
248,2014-02-20 09:00:00,2014-02-21 11:00:00,2014-02-20 09:00:00,26.0,15.67,63.24999999999999,S1,3,0,0,0,30.77777777777778,372.3333333333333,13.433333333333335,13.6,24,2014,2,OMNI2_measured_pre_2020,OMNI_hourly_measured,OMNI_hourly_integrated,Measured from OMNI hourly >10 MeV proton flux.
249,2014-02-25 19:00:00,2014-03-03 11:00:00,2014-02-28 08:00:00,136.0,80.49,3497.0550000000003,S1,113,0,0,0,15.197080291970805,141.58823529411765,18.431386861313865,22.0,24,2014,2,OMNI2_measured_pre_2020,OMNI_hourly_measured,OMNI_hourly_integrated,Measured from OMNI hourly >10 MeV proton flux.
250,2014-04-18 17:00:00,2014-04-21 11:00:00,2014-04-19 04:00:00,66.0,48.44,1220.535,S1,43,0,0,0,30.686567164179102,228.77611940298507,17.119402985074625,17.8,24,2014,4,OMNI2_measured_pre_2020,OMNI_hourly_measured,OMNI_hourly_integrated,Measured from OMNI hourly >10 MeV proton flux.
251,2014-09-11 03:00:00,2014-09-13 22:00:00,2014-09-12 16:00:00,67.0,70.69,1137.05,S1,44,0,0,0,29.455882352941178,242.14705882352945,13.616176470588234,16.0,24,2014,9,OMNI2_measured_pre_2020,OMNI_hourly_measured,OMNI_hourly_integrated,Measured from OMNI hourly >10 MeV proton flux.
252,2015-06-18 12:00:00,2015-06-19 15:00:00,2015-06-18 15:00:00,27.0,12.53,175.66,S1,4,0,0,0,11.037037037037036,155.65384615384616,7.166666666666669,7.7,24,2015,6,OMNI2_measured_pre_2020,OMNI_hourly_measured,OMNI_hourly_integrated,Measured from OMNI hourly >10 MeV proton flux.
253,2015-06-21 21:00:00,2015-06-25 01:00:00,2015-06-22 19:00:00,76.0,531.15,5502.145,S2,51,18,0,0,40.64935064935065,462.4935064935065,4.577922077922079,6.1,24,2015,6,OMNI2_measured_pre_2020,OMNI_hourly_measured,OMNI_hourly_integrated,Measured from OMNI hourly >10 MeV proton flux.
254,2015-06-26 09:00:00,2015-06-28 01:00:00,2015-06-27 01:00:00,40.0,13.93,249.19,S1,4,0,0,0,17.853658536585368,152.78048780487805,2.2268292682926827,3.2,24,2015,6,OMNI2_measured_pre_2020,OMNI_hourly_measured,OMNI_hourly_integrated,Measured from OMNI hourly >10 MeV proton flux.
255,2015-10-29 06:00:00,2015-10-30 13:00:00,2015-10-29 10:00:00,31.0,18.37,197.81500000000003,S1,8,0,0,0,12.28125,107.125,8.96875,9.1,24,2015,10,OMNI2_measured_pre_2020,OMNI_hourly_measured,OMNI_hourly_integrated,Measured from OMNI hourly >10 MeV proton flux.
256,2017-07-14 22:00:00,2017-07-16 05:00:00,2017-07-14 23:00:00,31.0,12.45,166.04,S1,6,0,0,0,8.0625,73.375,3.19375,5.2,24,2017,7,OMNI2_measured_pre_2020,OMNI_hourly_measured,OMNI_hourly_integrated,Measured from OMNI hourly >10 MeV proton flux.
257,2017-09-05 01:00:00,2017-09-09 20:00:00,2017-09-08 00:00:00,115.0,566.13,7766.620000000001,S2,89,22,0,0,29.99137931034483,305.3793103448276,9.37844827586207,11.9,24,2017,9,OMNI2_measured_pre_2020,OMNI_hourly_measured,OMNI_hourly_integrated,Measured from OMNI hourly >10 MeV proton flux.
258,2017-09-10 17:00:00,2017-09-15 16:00:00,2017-09-11 11:00:00,119.0,1208.39,34911.65,S3,96,53,10,0,28.875,325.01680672268907,1.903333333333333,4.0,24,2017,9,OMNI2_measured_pre_2020,OMNI_hourly_measured,OMNI_hourly_integrated,Measured from OMNI hourly >10 MeV proton flux.
